time_utc,http,error,indexer_lag_s_acceptedTxBlockTimeDiff,db_isSynced,stall_suspected,box_accepted_tx_s_that_minute,n0_processed_tx_s_that_minute
2026-10-01 18:01:30,200,,3,True,False,0.0,119.7
2026-10-01 18:03:30,200,,3,True,False,0.0,106.7
2026-10-01 18:05:30,200,,3,True,False,0.0,106.5
2026-10-01 18:07:30,200,,3,True,False,0.0,108.7
2026-10-01 18:09:30,200,,3,True,False,0.0,115.0
2026-10-01 18:11:30,200,,4,True,False,0.0,113.8
2026-10-01 18:13:30,200,,4,True,False,0.0,99.2
2026-10-01 18:15:30,200,,3,True,False,99.9,357.7
2026-10-01 18:17:30,,TimeoutError('The read operation timed o,,,,0.0,122.6
2026-10-01 18:19:30,200,,2,True,False,0.0,112.0
2026-10-01 18:21:30,200,,4,True,False,0.0,98.8
2026-10-01 18:23:30,200,,3,True,False,0.0,117.7
2026-10-01 18:25:30,200,,4,True,False,0.0,98.0
2026-10-01 18:27:30,200,,3,True,False,0.0,99.3
2026-10-01 18:29:30,200,,3,True,False,0.0,103.8
2026-10-01 18:31:30,200,,4,True,False,0.0,106.7
2026-10-01 18:33:30,200,,3,True,False,0.0,95.7
2026-10-01 18:35:30,200,,4,True,False,0.0,134.2
2026-10-01 18:37:30,200,,2,True,False,50.0,133.6
2026-10-01 18:39:30,200,,4,True,False,375.7,1246.3
2026-10-01 18:41:30,200,,4,True,False,374.6,1151.1
2026-10-01 18:43:30,200,,3,True,False,376.0,1314.4
2026-10-01 18:45:30,200,,3,True,False,609.8,1772.4
2026-10-01 18:47:30,200,,3,True,False,744.7,2565.0
2026-10-01 18:49:30,200,,3,True,False,749.1,2803.8
2026-10-01 18:51:30,200,,4,True,False,755.3,2354.4
2026-10-01 18:53:30,200,,6,True,False,1250.0,3248.5
2026-10-01 18:55:30,200,,5,True,False,437.4,2620.8
2026-10-01 18:57:30,200,,10,True,False,566.3,2438.8
2026-10-01 18:59:30,200,,6,True,False,1615.5,3660.9
2026-10-01 19:01:30,200,,5,True,False,1350.5,3480.0
2026-10-01 19:03:30,200,,8,True,False,1464.2,3262.7
2026-10-01 19:05:30,200,,6,True,False,1315.5,3030.7
2026-10-01 19:07:30,200,,3,True,False,1519.9,3621.3
2026-10-01 19:09:30,200,,21,True,False,1418.7,3215.1
2026-10-01 19:11:30,200,,4,True,False,1210.2,2871.1
2026-10-01 19:13:30,200,,4,True,False,1626.2,3533.6
2026-10-01 19:15:30,200,,4,True,False,1606.2,3126.1
2026-10-01 19:17:30,200,,5,True,False,1694.8,3006.9
2026-10-01 19:19:30,200,,4,True,False,1456.7,2725.1
2026-10-01 19:21:30,200,,3,True,False,1682.1,2635.2
2026-10-01 19:23:30,200,,5,True,False,1607.3,2797.4
2026-10-01 19:25:30,200,,4,True,False,1405.6,2434.2
2026-10-01 19:27:30,200,,5,True,False,1490.0,2499.9
2026-10-01 19:29:30,503,,8.45199990272522,True,False,1293.2,2441.8
2026-10-01 19:31:30,503,,5.24399995803833,True,False,1403.2,2431.6
2026-10-01 19:33:30,200,,4,True,False,1244.8,2365.1
2026-10-01 19:35:30,200,,3,True,False,1614.7,2782.3
2026-10-01 19:37:30,200,,4,True,False,1579.4,2711.2
2026-10-01 19:39:30,200,,12,True,False,1344.0,2374.4
2026-10-01 19:41:30,200,,4,True,False,1455.0,2882.6
2026-10-01 19:43:30,200,,6,True,False,1514.7,3031.2
2026-10-01 19:45:30,200,,5,True,False,1488.8,3044.3
2026-10-01 19:47:30,200,,4,True,False,1892.4,3128.3
2026-10-01 19:49:30,200,,3,True,False,1661.9,3008.2
2026-10-01 19:51:30,200,,5,True,False,1808.8,3302.1
2026-10-01 19:53:30,200,,4,True,False,1708.7,2727.0
2026-10-01 19:55:30,200,,3,True,False,1786.6,3424.2
2026-10-01 19:57:30,200,,5,True,False,1384.1,3365.4
2026-10-01 19:59:30,200,,5,True,False,1343.2,2750.1
2026-10-01 20:01:30,200,,14,True,False,1676.2,2943.3
2026-10-01 20:03:30,200,,4,True,False,1707.1,3202.5
2026-10-01 20:05:30,200,,15,True,False,1494.1,3196.6
2026-10-01 20:07:30,200,,4,True,False,1829.4,3428.3
2026-10-01 20:09:30,200,,8,True,False,1618.8,3065.0
2026-10-01 20:11:30,200,,4,True,False,2091.8,3989.0
2026-10-01 20:13:30,200,,17,True,False,1461.4,4002.1
2026-10-01 20:15:30,200,,42,True,False,2037.9,4593.8
2026-10-01 20:17:30,200,,20,True,False,1667.7,4237.9
2026-10-01 20:19:30,200,,60,True,False,1833.4,4251.9
2026-10-01 20:21:30,200,,39,True,False,2322.0,5110.8
2026-10-01 20:23:30,200,,51,True,False,2442.1,4694.2
2026-10-01 20:25:30,200,,63,True,False,2965.2,6093.4
2026-10-01 20:27:30,200,,87,True,False,1876.2,4726.5
2026-10-01 20:29:30,200,,163,True,True,1408.3,2892.2
2026-10-01 20:31:30,200,,204,True,True,240.4,3223.2
2026-10-01 20:33:30,200,,137,True,True,13.0,3193.0
2026-10-01 20:35:30,200,,257,True,True,1127.4,3822.7
2026-10-01 20:37:30,200,,112,True,False,1205.2,4034.8
2026-10-01 20:39:30,200,,193,True,True,2006.6,5267.1
2026-10-01 20:41:30,200,,153,True,True,2914.5,5114.4
2026-10-01 20:43:30,200,,273,True,True,2670.0,4182.2
2026-10-01 20:45:30,503,,310.9670000076294,False,True,2464.9,5003.2
2026-10-01 20:47:30,200,,226,True,True,3127.2,5097.1
2026-10-01 20:49:30,200,,218,True,True,2323.9,3645.6
2026-10-01 20:51:30,200,,187,True,True,1913.1,3413.6
2026-10-01 20:53:30,503,,307.90899991989136,False,True,1611.7,4626.0
2026-10-01 20:55:30,200,,261,True,True,2244.3,5293.8
2026-10-01 20:57:30,200,,221,True,False,2008.0,5333.6
2026-10-01 20:59:30,503,,175.69000005722046,True,False,684.5,4018.3
2026-10-01 21:01:30,200,,295,True,True,2840.1,6382.9
2026-10-01 21:03:30,503,,415.69000005722046,False,True,2035.1,4751.5
2026-10-01 21:05:30,503,,369.8159999847412,False,True,2414.9,5450.9
2026-10-01 21:07:30,503,,489.8159999847412,False,True,2173.6,5036.6
2026-10-01 21:09:30,503,,364.73600006103516,False,True,2023.1,4378.1
2026-10-01 21:11:30,503,,484.73600006103516,False,True,2242.2,4438.1
2026-10-01 21:13:30,503,,604.7360000610352,False,True,965.5,4188.8
2026-10-01 21:15:30,503,,609.1679999828339,False,True,0.0,1294.3
2026-10-01 21:17:30,503,,584.4010000228882,False,True,0.0,1004.0
2026-10-01 21:19:30,503,,704.4010000228882,False,True,0.0,762.9
2026-10-01 21:21:30,503,,570.6960000991821,False,True,0.0,2802.2
2026-10-01 21:23:30,503,,690.6960000991821,False,True,0.0,1760.3
2026-10-01 21:25:30,503,,562.470999956131,False,True,0.0,2127.2
2026-10-01 21:27:30,503,,473.7590000629425,False,True,0.0,366.4
2026-10-01 21:29:30,503,,354.1400001049042,False,True,0.0,457.5
2026-10-01 21:31:30,200,,273,True,True,1904.3,2560.9
2026-10-01 21:33:30,200,,46,True,False,1794.0,3628.4
2026-10-01 21:35:30,200,,137,True,True,1533.0,3819.7
2026-10-01 21:37:30,200,,143,True,True,2078.5,4887.6
2026-10-01 21:39:30,200,,55,True,False,1635.9,4461.8
2026-10-01 21:41:30,200,,175,True,True,2356.1,4905.5
2026-10-01 21:43:30,200,,246,True,True,2213.5,4890.2
2026-10-01 21:45:30,200,,166,True,True,2820.6,6034.7
2026-10-01 21:47:30,200,,180,True,True,2407.9,4968.1
2026-10-01 21:49:30,200,,179,True,True,2823.3,5140.4
2026-10-01 21:51:30,200,,299,True,True,2548.2,4829.2
2026-10-01 21:53:30,503,,312.239000082016,False,True,3030.3,5222.8
2026-10-01 21:55:30,200,,170,True,True,2347.8,4638.7
2026-10-01 21:57:30,200,,290,True,True,1951.1,3896.7
2026-10-01 21:59:30,200,,286,True,True,2391.7,4101.9
2026-10-01 22:01:30,503,,406.50999999046326,False,True,2160.9,3765.3
2026-10-01 22:03:30,503,,526.5099999904633,False,True,2181.3,3822.2
2026-10-01 22:05:30,503,,387.35700011253357,False,True,2312.6,3989.4
2026-10-01 22:07:30,503,,507.35700011253357,False,True,2065.6,3104.4
2026-10-01 22:09:30,503,,375.6630001068115,False,True,2343.8,4013.9
2026-10-01 23:00:31,200,,3,True,False,0.0,3253
2026-10-01 23:02:31,200,,1,True,False,0.0,1542.8
2026-10-01 23:04:31,200,,3,True,False,0.0,154.1
2026-10-01 23:06:31,200,,3,True,False,0.0,476.8
2026-10-01 23:08:31,200,,4,True,False,0.0,1431.4
2026-10-01 23:10:31,200,,5,True,False,894.9,2162.8
2026-10-01 23:12:31,200,,4,True,False,1878.0,4267.2
2026-10-01 23:14:31,200,,3,True,False,1931.3,4173.5
2026-10-01 23:16:31,200,,2,True,False,3738.1,6315.8
2026-10-01 23:18:31,,TimeoutError('The read operation timed o,,,,3784.4,6644.4
2026-10-01 23:20:31,200,,4,True,False,3517.6,5711.6
2026-10-01 23:22:31,503,,37.901999950408936,True,False,3650.5,6701.7
2026-10-01 23:24:31,503,,48.6710000038147,True,False,3967.3,6584.1
2026-10-01 23:26:31,200,,59,True,False,3573.3,6404.9
2026-10-01 23:28:31,200,,162,True,True,881.3,3720.8
2026-10-01 23:30:31,200,,163,True,True,442.4,3319.9
2026-10-01 23:32:31,200,,63,True,False,584.2,1643.6
2026-10-01 23:34:31,200,,68,True,False,114.8,1754.6
2026-10-01 23:36:31,200,,16,True,False,31.3,1657.8
2026-10-01 23:38:31,200,,5,True,False,23.7,1641.2
2026-10-01 23:40:31,200,,6,True,False,88.4,1442.4
2026-10-01 23:42:31,200,,6,True,False,392.0,1427.1
2026-10-01 23:44:31,200,,5,True,False,1.2,1427.7
2026-10-01 23:46:31,200,,6,True,False,104.8,1387.3
2026-10-01 23:48:31,200,,6,True,False,297.1,765.6
2026-10-01 23:50:31,200,,5,True,False,295.8,735.6
2026-10-01 23:52:31,200,,3,True,False,296.9,650.4
2026-10-01 23:54:31,200,,6,True,False,4.2,1449.2
2026-10-01 23:56:31,200,,3,True,False,12.9,1605.6
2026-10-01 23:58:31,200,,4,True,False,388.5,1250.2
2026-10-02 00:00:31,200,,9,True,False,286.2,854.2
2026-10-02 00:02:31,200,,4,True,False,296.2,734.7
2026-10-02 00:04:31,200,,6,True,False,292.2,617.7
2026-10-02 00:06:31,200,,6,True,False,192.0,1675.1
2026-10-02 00:08:31,200,,3,True,False,131.8,1880.7
2026-10-02 00:10:31,200,,2,True,False,84.2,1923.6
2026-10-02 00:12:31,200,,4,True,False,128.8,1967.0
2026-10-02 00:14:31,200,,3,True,False,424.7,2175.7
2026-10-02 00:16:31,200,,3,True,False,396.0,1683.7
2026-10-02 00:18:31,200,,2,True,False,312.8,899.2
2026-10-02 00:20:31,200,,3,True,False,248.3,1550.8
2026-10-02 00:22:31,200,,5,True,False,164.3,2397.0
2026-10-02 00:24:31,200,,3,True,False,200.0,2427.7
2026-10-02 00:26:31,200,,2,True,False,293.3,1581.2
2026-10-02 00:28:31,200,,3,True,False,261.1,2458.3
2026-10-02 00:30:31,200,,2,True,False,313.9,1689.9
2026-10-02 00:32:31,200,,7,True,False,298.1,1528.6
2026-10-02 00:34:31,200,,2,True,False,292.7,1586.1
2026-10-02 00:36:31,200,,2,True,False,289.0,1037.9
2026-10-02 00:38:31,200,,3,True,False,293.8,1028.2
2026-10-02 00:40:31,200,,3,True,False,284.3,889.4
2026-10-02 00:42:31,200,,1,True,False,290.0,640.5
2026-10-02 00:44:31,200,,2,True,False,290.3,691.9
2026-10-02 00:46:31,200,,3,True,False,289.5,666.0
2026-10-02 00:48:31,200,,2,True,False,285.8,774.9
2026-10-02 00:50:31,200,,3,True,False,296.5,757.1
2026-10-02 00:52:31,200,,3,True,False,320.3,736.2
2026-10-02 00:54:31,,TimeoutError('The read operation timed o,,,,321.2,790.5
2026-10-02 00:56:31,200,,1,True,False,332.1,839.6
2026-10-02 00:58:31,200,,2,True,False,295.0,818.3
2026-10-02 01:00:31,,TimeoutError('The read operation timed o,,,,291.5,775.1
2026-10-02 01:02:31,200,,3,True,False,281.4,684.3
2026-10-02 01:04:31,200,,3,True,False,280.2,664.2
2026-10-02 01:06:31,200,,2,True,False,284.0,611.3
2026-10-02 01:08:31,200,,3,True,False,284.0,763.4
2026-10-02 01:10:31,,TimeoutError('The read operation timed o,,,,280.5,641.2
2026-10-02 01:12:31,200,,4,True,False,289.3,695.9
2026-10-02 01:14:31,200,,4,True,False,287.2,776.8
2026-10-02 01:16:31,200,,3,True,False,290.4,691.4
2026-10-02 01:18:31,200,,3,True,False,280.7,709.3
2026-10-02 01:20:31,200,,3,True,False,289.7,658.0
2026-10-02 01:22:31,200,,2,True,False,294.4,622.7
2026-10-02 01:24:31,200,,2,True,False,301.0,720.9
2026-10-02 01:26:31,200,,2,True,False,288.5,547.1
2026-10-02 01:28:31,200,,2,True,False,302.0,645.5
2026-10-02 01:30:31,200,,3,True,False,296.8,603.1
2026-10-02 01:32:31,200,,2,True,False,292.9,672.0
2026-10-02 01:34:31,200,,2,True,False,322.4,684.5
2026-10-02 01:36:31,200,,2,True,False,342.2,807.8
2026-10-02 01:38:31,200,,3,True,False,329.5,754.3
2026-10-02 01:40:31,200,,2,True,False,303.2,803.0
2026-10-02 01:42:31,,TimeoutError('The read operation timed o,,,,297.7,737.4
2026-10-02 01:44:31,200,,3,True,False,289.3,757.1
2026-10-02 01:46:31,,TimeoutError('The read operation timed o,,,,300.0,747.9
2026-10-02 01:48:31,200,,2,True,False,293.1,759.9
2026-10-02 01:50:31,200,,2,True,False,291.5,694.1
2026-10-02 01:52:31,200,,2,True,False,298.7,1073.2
2026-10-02 01:54:31,200,,3,True,False,296.9,774.2
2026-10-02 01:56:31,200,,2,True,False,296.7,811.2
2026-10-02 01:58:31,200,,2,True,False,298.2,692.9
2026-10-02 02:00:31,,TimeoutError('The read operation timed o,,,,302.7,719.8
2026-10-02 02:02:31,200,,5,True,False,296.9,713.2
2026-10-02 02:04:31,,TimeoutError('The read operation timed o,,,,295.9,727.1
2026-10-02 02:06:31,200,,1,True,False,291.2,695.8
2026-10-02 02:08:31,,TimeoutError('The read operation timed o,,,,299.7,711.3
2026-10-02 02:10:31,200,,2,True,False,290.2,763.2
2026-10-02 02:12:31,,TimeoutError('The read operation timed o,,,,291.6,637.2
2026-10-02 02:14:31,200,,3,True,False,308.3,776.8
2026-10-02 02:16:31,200,,2,True,False,330.6,874.9
2026-10-02 02:18:31,200,,1,True,False,331.4,679.1
2026-10-02 02:20:31,200,,3,True,False,340.0,955.2
2026-10-02 02:22:31,200,,3,True,False,303.2,793.5
2026-10-02 02:24:31,,TimeoutError('The read operation timed o,,,,306.1,773.0
2026-10-02 02:26:31,200,,2,True,False,302.3,726.7
2026-10-02 02:28:31,200,,2,True,False,292.8,623.0
2026-10-02 02:30:31,200,,3,True,False,292.4,667.3
2026-10-02 02:32:31,200,,3,True,False,296.7,720.1
2026-10-02 02:34:31,200,,5,True,False,292.0,748.6
2026-10-02 02:36:31,200,,2,True,False,288.4,727.6
2026-10-02 02:38:31,200,,3,True,False,302.4,654.9
2026-10-02 02:40:31,200,,2,True,False,295.0,664.1
2026-10-02 02:42:31,,TimeoutError('The read operation timed o,,,,303.1,764.2
2026-10-02 02:44:31,200,,2,True,False,290.3,704.0
2026-10-02 02:46:31,200,,1,True,False,295.0,717.8
2026-10-02 02:48:31,200,,2,True,False,292.9,798.0
2026-10-02 02:50:31,200,,2,True,False,292.0,688.7
2026-10-02 02:52:31,200,,3,True,False,288.6,695.0
2026-10-02 02:54:31,200,,2,True,False,298.3,703.3
2026-10-02 02:56:31,200,,1,True,False,293.8,676.6
2026-10-02 02:58:31,200,,3,True,False,316.2,737.8
2026-10-02 03:00:31,200,,2,True,False,347.7,929.8
2026-10-02 03:02:31,200,,1,True,False,342.9,788.8
2026-10-02 03:04:31,200,,4,True,False,314.6,838.5
2026-10-02 03:06:31,200,,2,True,False,305.4,820.8
2026-10-02 03:08:31,200,,1,True,False,302.3,790.6
2026-10-02 03:10:31,200,,2,True,False,298.6,783.5
2026-10-02 03:12:31,200,,2,True,False,301.5,725.3
2026-10-02 03:14:31,200,,2,True,False,304.2,744.0
2026-10-02 03:16:31,200,,2,True,False,288.5,642.7
2026-10-02 03:18:31,200,,1,True,False,291.1,682.0
2026-10-02 03:20:31,200,,2,True,False,291.0,738.8
2026-10-02 03:22:31,200,,2,True,False,291.8,902.0
2026-10-02 03:24:31,200,,2,True,False,290.6,733.9
2026-10-02 03:26:31,200,,3,True,False,300.6,882.9
2026-10-02 03:28:31,200,,2,True,False,295.7,818.2
2026-10-02 03:30:31,200,,2,True,False,295.9,810.6
2026-10-02 03:32:31,200,,3,True,False,297.5,792.4
2026-10-02 03:34:31,200,,1,True,False,294.4,628.1
2026-10-02 03:36:31,200,,2,True,False,304.3,687.3
2026-10-02 03:38:31,200,,3,True,False,296.5,730.2
2026-10-02 03:40:31,200,,2,True,False,329.9,737.7
2026-10-02 03:42:31,200,,2,True,False,347.5,842.6
2026-10-02 03:44:31,,TimeoutError('The read operation timed o,,,,341.7,872.6
2026-10-02 03:46:31,200,,4,True,False,316.7,836.4
2026-10-02 03:48:31,200,,3,True,False,293.2,724.2
2026-10-02 03:50:31,200,,4,True,False,292.7,716.9
2026-10-02 03:52:31,200,,2,True,False,297.1,721.7
2026-10-02 03:54:31,200,,2,True,False,285.9,692.0
2026-10-02 03:56:31,200,,2,True,False,299.7,655.2
2026-10-02 03:58:31,200,,2,True,False,306.2,832.0
2026-10-02 04:00:31,200,,2,True,False,293.9,763.2
2026-10-02 04:02:31,200,,3,True,False,300.4,712.9
2026-10-02 04:04:31,200,,3,True,False,287.4,746.0
2026-10-02 04:06:31,200,,1,True,False,293.1,671.0
2026-10-02 04:08:31,200,,2,True,False,302.6,713.5
2026-10-02 04:10:31,200,,1,True,False,289.1,669.2
2026-10-02 04:12:31,200,,4,True,False,292.5,754.0
2026-10-02 04:14:31,200,,2,True,False,297.8,781.2
2026-10-02 04:16:31,,TimeoutError('The read operation timed o,,,,293.1,611.6
2026-10-02 04:18:31,200,,2,True,False,302.0,698.0
2026-10-02 04:20:31,,TimeoutError('The read operation timed o,,,,300.1,807.5
2026-10-02 04:22:31,200,,3,True,False,315.5,605.8
2026-10-02 04:24:31,200,,1,True,False,335.3,707.9
2026-10-02 04:26:31,200,,2,True,False,339.9,786.8
2026-10-02 04:28:31,200,,3,True,False,318.7,744.4
2026-10-02 04:30:31,200,,2,True,False,293.0,674.2
2026-10-02 04:32:31,200,,1,True,False,301.3,775.4
2026-10-02 04:34:31,200,,4,True,False,301.1,663.1
2026-10-02 04:36:31,200,,3,True,False,334.8,695.2
2026-10-02 04:38:31,200,,3,True,False,2427.6,4692.1
2026-10-02 04:40:31,200,,2,True,False,1890.1,5838.7
2026-10-02 04:42:31,200,,1,True,False,401.4,2044.3
2026-10-02 04:44:31,200,,2,True,False,449.0,2223.2
2026-10-02 04:46:31,200,,3,True,False,1244.5,2546.5
2026-10-02 04:48:31,200,,2,True,False,184.1,1032.8
2026-10-02 04:50:31,200,,0,True,False,130.9,409.9
2026-10-02 04:52:31,200,,3,True,False,84.1,285.7
2026-10-02 04:54:31,200,,1,True,False,56.6,203.1
2026-10-02 04:56:31,200,,1,True,False,40.9,279.1
2026-10-02 04:58:31,200,,1,True,False,32.6,149.2
2026-10-02 05:00:31,,TimeoutError('The read operation timed o,,,,27.0,164.3
2026-10-02 05:02:31,200,,2,True,False,22.7,161.8
2026-10-02 05:04:31,200,,2,True,False,18.3,129.9
2026-10-02 05:06:31,200,,2,True,False,15.1,119.0
2026-10-02 05:08:31,200,,1,True,False,12.8,136.6
2026-10-02 05:10:31,200,,2,True,False,9.5,127.6
2026-10-02 05:12:31,200,,1,True,False,7.5,127.3
2026-10-02 05:14:31,200,,1,True,False,6.1,110.3
2026-10-02 05:16:31,200,,0,True,False,4.6,105.9
2026-10-02 05:18:31,200,,2,True,False,3.3,115.4
2026-10-02 05:20:31,200,,1,True,False,2.7,116.5
2026-10-02 05:22:31,200,,1,True,False,1.8,114.4
2026-10-02 05:24:31,200,,1,True,False,1.2,111.0
2026-10-02 05:26:31,200,,2,True,False,1.0,116.3
2026-10-02 05:28:31,200,,1,True,False,0.7,105.8
2026-10-02 05:30:31,,TimeoutError('The read operation timed o,,,,0.3,104.4
2026-10-02 05:32:31,,TimeoutError('The read operation timed o,,,,0.3,112.8
2026-10-02 05:34:31,200,,0,True,False,0.3,101.0
2026-10-02 05:36:31,,TimeoutError('The read operation timed o,,,,0.2,102.7
2026-10-02 05:38:31,200,,2,True,False,0.1,112.0
2026-10-02 05:40:31,200,,1,True,False,0.1,99.3
2026-10-02 05:42:31,200,,1,True,False,0.1,96.0
2026-10-02 05:44:31,,TimeoutError('The read operation timed o,,,,0.1,100.0
2026-10-02 05:46:31,503,,1.378000020980835,True,False,0.1,98.1
2026-10-02 05:48:31,200,,1,True,False,0.1,109.5
2026-10-02 05:50:31,200,,2,True,False,0.0,105.1
2026-10-02 05:52:31,200,,1,True,False,0.0,108.3
2026-10-02 05:54:31,200,,1,True,False,0.0,101.3
2026-10-02 05:56:31,200,,1,True,False,0.0,117.4
2026-10-02 05:58:31,200,,2,True,False,0.0,121.5
2026-10-02 06:00:31,200,,1,True,False,0.0,108.6
2026-10-02 06:02:31,200,,1,True,False,0.0,130.2
2026-10-02 06:04:31,200,,3,True,False,0.0,98.7
2026-10-02 06:06:31,200,,1,True,False,0.0,106.0
2026-10-02 06:08:31,200,,1,True,False,0.0,97.8
2026-10-02 06:10:31,200,,2,True,False,0.0,90.3
2026-10-02 06:12:31,200,,2,True,False,0.0,98.7
2026-10-02 06:14:31,200,,2,True,False,0.0,118.5
2026-10-02 06:16:31,200,,1,True,False,0.0,123.0
2026-10-02 06:18:31,200,,17,True,False,0.0,106.9
2026-10-02 06:20:31,200,,2,True,False,0.0,112.2
2026-10-02 06:22:31,200,,1,True,False,0.0,107.3
2026-10-02 06:24:31,200,,3,True,False,0.0,109.8
2026-10-02 06:26:31,200,,1,True,False,0.0,114.7
2026-10-02 06:28:31,200,,2,True,False,0.0,99.7
2026-10-02 06:30:31,200,,1,True,False,0.0,103.8
2026-10-02 06:32:31,200,,2,True,False,0.0,114.2
2026-10-02 06:34:31,200,,1,True,False,0.0,99.4
2026-10-02 06:36:31,200,,1,True,False,0.0,111.5
2026-10-02 06:38:31,,TimeoutError('The read operation timed o,,,,0.0,94.8
2026-10-02 06:40:31,200,,2,True,False,0.0,99.7
2026-10-02 06:42:31,200,,2,True,False,0.0,95.5
2026-10-02 06:44:31,200,,0,True,False,0.0,140.7
2026-10-02 07:07:39,200,,3,True,False,0.0,156.3
2026-10-02 07:09:39,200,,3,True,False,217.9,1362.9
2026-10-02 07:11:39,200,,5,True,False,2022.1,4484.2
2026-10-02 07:13:39,200,,3,True,False,2274.4,4728.8
2026-10-02 07:15:39,200,,3,True,False,2321.7,3702.3
2026-10-02 07:17:39,200,,3,True,False,2070.4,3287.7
2026-10-02 07:19:39,200,,5,True,False,2369.7,4312.3
2026-10-02 07:21:39,200,,3,True,False,2468.5,4165.4
2026-10-02 07:23:39,200,,3,True,False,3005.2,4745.2
2026-10-02 07:25:39,200,,4,True,False,1995.8,3954.7
2026-10-02 07:27:39,,TimeoutError('The read operation timed o,,,,2484.6,4543.2
2026-10-02 07:29:39,200,,4,True,False,2339.1,3859.7
2026-10-02 07:31:39,,TimeoutError('The read operation timed o,,,,2329.0,4225.6
2026-10-02 07:33:39,200,,4,True,False,1970.6,4171.6
2026-10-02 07:35:39,200,,3,True,False,1655.1,3963.8
2026-10-02 07:37:39,200,,5,True,False,1674.3,4294.4
2026-10-02 07:39:39,,TimeoutError('The read operation timed o,,,,3115.5,4645.4
2026-10-02 07:41:39,,TimeoutError('The read operation timed o,,,,2195.1,4646.2
2026-10-02 07:43:39,,TimeoutError('The read operation timed o,,,,2804.9,5110.9
2026-10-02 07:45:39,,TimeoutError('The read operation timed o,,,,3004.9,5473.7
2026-10-02 07:47:39,,TimeoutError('The read operation timed o,,,,3039.6,5491.4
2026-10-02 07:49:39,200,,5,True,False,2606.2,5597.1
2026-10-02 07:51:39,,TimeoutError('The read operation timed o,,,,2231.9,4657.8
2026-10-02 07:53:39,200,,90,True,False,1358.0,3529.6
2026-10-02 07:55:39,200,,166,True,True,2453.0,4885.4
2026-10-02 07:57:39,200,,138,True,True,2204.5,4495.9
2026-10-02 07:59:39,200,,116,True,False,0.0,143.8
2026-10-02 08:01:39,200,,22,True,False,882.6,1832.5
2026-10-02 08:03:39,200,,2,True,False,0.0,191.7
2026-10-02 08:05:39,200,,4,True,False,0.0,143.0
2026-10-02 08:07:39,200,,3,True,False,0.0,136.5
2026-10-02 08:09:39,200,,2,True,False,0.0,139.6
2026-10-02 08:11:39,200,,2,True,False,0.0,154.1
2026-10-02 08:13:39,200,,3,True,False,0.0,135.8
2026-10-02 09:49:49,200,,2,True,False,0.0,
2026-10-02 09:51:49,200,,3,True,False,0.0,134.8
2026-10-02 09:53:49,200,,2,True,False,2273.0,4262.6
2026-10-02 09:55:49,200,,3,True,False,2356.8,4668.2
2026-10-02 09:57:49,200,,3,True,False,2432.3,4993.5
2026-10-02 09:59:49,200,,4,True,False,2265.7,4751.4
2026-10-02 10:01:49,200,,8,True,False,2460.4,5019.8
2026-10-02 10:03:49,200,,6,True,False,2152.1,4148.2
2026-10-02 10:05:49,200,,3,True,False,2447.6,4965.8
2026-10-02 10:07:49,200,,21,True,False,2597.8,4911.5
2026-10-02 10:09:49,200,,5,True,False,2147.0,4860.6
2026-10-02 10:11:49,200,,5,True,False,2338.6,4933.4
2026-10-02 10:13:49,200,,4,True,False,0.0,2359.3
2026-10-02 10:15:49,200,,13,True,False,1678.7,4589.4
2026-10-02 10:17:49,200,,3,True,False,1015.3,4001.0
2026-10-02 10:19:49,200,,4,True,False,1131.9,3851.7
2026-10-02 10:21:49,200,,6,True,False,2241.9,6230.7
2026-10-02 10:23:49,200,,6,True,False,1791.3,4506.4
2026-10-02 10:25:49,503,,21.877000093460083,False,False,2301.6,5225.2
2026-10-02 10:27:49,200,,36,True,False,1798.4,4813.0
2026-10-02 10:29:49,200,,111,True,False,1867.0,5253.3
2026-10-02 10:31:49,503,,158.8420000076294,False,False,1686.8,5031.9
2026-10-02 10:33:49,200,,169,True,True,2620.6,5605.2
2026-10-02 10:35:49,200,,158,True,True,2158.5,5053.2
2026-10-02 10:37:49,200,,57,True,False,2515.7,5387.4
2026-10-02 10:39:49,200,,76,True,False,1759.3,5176.1
2026-10-02 10:41:49,200,,87,True,False,1702.8,6245.7
2026-10-02 10:43:49,200,,132,True,True,1826.6,5252.4
2026-10-02 10:45:49,200,,113,True,False,2000.5,5392.1
2026-10-02 10:47:49,200,,170,True,True,1786.1,5404.8
2026-10-02 10:49:49,200,,56,True,False,2270.2,5249.6
2026-10-02 10:51:49,200,,71,True,False,1858.2,5236.7
2026-10-02 10:53:49,200,,58,True,False,2094.2,5324.8
2026-10-02 10:55:49,200,,66,True,False,1467.3,3762.9
2026-10-02 10:57:49,200,,4,True,False,1856.0,4757.4
2026-10-02 10:59:49,200,,4,True,False,1643.6,4851.4
2026-10-02 11:01:49,200,,26,True,False,1463.6,3858.5
2026-10-02 11:03:49,200,,5,True,False,695.6,1910.1
2026-10-02 11:05:49,200,,4,True,False,0.0,1293.3
2026-10-02 11:07:49,200,,4,True,False,0.0,609.9
2026-10-02 11:09:49,200,,5,True,False,0.0,785.1
2026-10-02 11:11:49,200,,2,True,False,0.0,1162.8
2026-10-02 11:13:49,200,,3,True,False,0.0,746.1
2026-10-02 11:15:49,200,,5,True,False,0.0,555.6
2026-10-02 11:17:49,200,,5,True,False,0.0,844.5
2026-10-02 11:19:49,200,,4,True,False,0.0,535.5
2026-10-02 11:21:49,,TimeoutError('The read operation timed o,,,,0.0,447.1
2026-10-02 11:23:49,200,,2,True,False,0.0,343.5
2026-10-02 11:25:49,,TimeoutError('The read operation timed o,,,,0.0,217.6
2026-10-02 11:27:49,200,,3,True,False,0.0,239.2
2026-10-02 11:29:49,200,,2,True,False,0.0,456.1
2026-10-02 11:31:49,200,,3,True,False,0.0,506.2
2026-10-02 11:33:49,200,,3,True,False,0.0,158.1
2026-10-02 11:35:49,200,,4,True,False,0.0,122.0
2026-10-02 11:37:49,200,,2,True,False,0.0,153.6
2026-10-02 11:39:49,200,,2,True,False,0.0,128.3
2026-10-02 11:41:49,200,,3,True,False,0.0,158.8
2026-10-02 11:43:49,200,,3,True,False,0.0,165.5
2026-10-02 11:45:49,200,,4,True,False,0.0,157.7
2026-10-02 11:47:49,200,,2,True,False,0.0,140.2
2026-10-02 11:49:49,200,,4,True,False,0.0,130.6
2026-10-02 11:51:49,200,,2,True,False,0.0,112.8
2026-10-02 11:53:49,200,,2,True,False,0.0,136.5
2026-10-02 11:55:49,200,,4,True,False,0.0,179.6
2026-10-02 11:57:49,200,,3,True,False,0.0,134.1
2026-10-02 11:59:49,200,,2,True,False,0.0,134.9
2026-10-02 12:01:49,200,,3,True,False,0.0,217.4
2026-10-02 12:03:49,200,,2,True,False,0.0,145.4
2026-10-02 12:05:49,200,,2,True,False,0.0,152.9
2026-10-02 12:07:49,200,,3,True,False,0.0,185.2
2026-10-02 12:09:49,200,,2,True,False,0.0,151.8
2026-10-02 12:11:49,200,,3,True,False,0.0,148.6
2026-10-02 12:13:49,200,,3,True,False,0.0,131.1
2026-10-02 12:15:49,200,,2,True,False,0.0,144.2
2026-10-02 12:17:49,200,,3,True,False,0.0,144.3
2026-10-02 12:19:49,200,,2,True,False,0.0,131.4
2026-10-02 12:21:49,200,,2,True,False,0.0,187.3
2026-10-02 12:23:49,200,,3,True,False,0.0,173.6
2026-10-02 12:25:49,200,,2,True,False,0.0,114.4
2026-10-02 12:27:49,200,,4,True,False,0.0,120.1
2026-10-02 12:29:49,200,,2,True,False,0.0,141.9
2026-10-02 12:31:49,200,,2,True,False,0.0,141.7
2026-10-02 12:33:49,200,,3,True,False,0.0,158.2
2026-10-02 12:35:49,200,,2,True,False,0.0,131.7
2026-10-02 12:37:49,200,,3,True,False,0.0,135.3
2026-10-02 12:39:49,,TimeoutError('The read operation timed o,,,,0.0,161.1
2026-10-02 12:41:49,200,,3,True,False,0.0,134
2026-10-02 12:43:49,200,,3,True,False,0.0,224.2
2026-10-02 12:45:49,200,,2,True,False,0.0,165.5
2026-10-02 12:47:49,200,,2,True,False,0.0,241.3
2026-10-02 12:49:49,200,,5,True,False,0.0,197.1
2026-10-02 12:51:49,,TimeoutError('The read operation timed o,,,,0.0,194.6
2026-10-02 12:53:49,200,,4,True,False,0.0,152.3
2026-10-02 12:55:49,200,,3,True,False,0.0,207.7
2026-10-02 12:57:49,200,,2,True,False,0.0,208.2
2026-10-02 12:59:49,200,,2,True,False,0.0,198.2
2026-10-02 13:01:49,200,,2,True,False,0.0,144.8
2026-10-02 13:03:49,200,,2,True,False,0.0,156.0
2026-10-02 13:05:49,200,,1,True,False,0.0,153.0
2026-10-02 13:07:49,200,,2,True,False,0.0,165.3
2026-10-02 13:09:49,200,,2,True,False,0.0,203.8
2026-10-02 13:11:49,200,,3,True,False,0.0,165.7
2026-10-02 13:13:49,200,,3,True,False,0.0,189.8
2026-10-02 13:15:49,200,,4,True,False,0.0,139.0
2026-10-02 13:17:49,200,,4,True,False,0.0,184.6
2026-10-02 13:19:49,200,,1,True,False,0.0,207.3
2026-10-02 13:21:49,200,,1,True,False,0.0,148.9
2026-10-02 13:23:49,,TimeoutError('The read operation timed o,,,,0.0,193.9
2026-10-02 13:25:49,200,,3,True,False,0.0,204.3
2026-10-02 13:27:49,200,,2,True,False,0.0,217.7
2026-10-02 13:29:49,200,,3,True,False,0.0,1705.6
2026-10-02 13:31:49,200,,3,True,False,0.0,2341.1
2026-10-02 13:33:49,200,,3,True,False,0.0,1781.0
2026-10-02 13:35:49,200,,3,True,False,0.0,1940.2
2026-10-02 13:37:49,200,,1,True,False,0.0,443.5
2026-10-02 13:39:49,200,,4,True,False,0.0,2563.9
2026-10-02 13:41:49,200,,2,True,False,0.0,1860.4
2026-10-02 13:43:49,200,,2,True,False,0.0,309.4
2026-10-02 13:45:49,200,,3,True,False,0.0,765.5
2026-10-02 13:47:49,200,,3,True,False,0.0,2061.6
2026-10-02 13:49:49,200,,3,True,False,0.0,2311.0
2026-10-02 13:51:49,200,,2,True,False,0.0,2227.8
2026-10-02 13:53:49,200,,4,True,False,0.0,2274.1
2026-10-02 13:55:49,200,,2,True,False,0.0,2350.0
2026-10-02 13:57:49,200,,2,True,False,0.0,402.1
2026-10-02 13:59:49,,TimeoutError('The read operation timed o,,,,0.0,450.5
2026-10-02 14:01:49,200,,2,True,False,0.0,402.9
2026-10-02 14:03:49,200,,2,True,False,0.0,345.5
2026-10-02 14:05:49,,TimeoutError('The read operation timed o,,,,0.0,345.6
2026-10-02 14:07:49,200,,3,True,False,0.0,282.4
2026-10-02 14:09:49,200,,2,True,False,0.0,677.1
2026-10-02 14:11:49,200,,3,True,False,0.0,877.8
2026-10-02 14:13:49,200,,3,True,False,0.0,450.1
2026-10-02 14:15:49,200,,2,True,False,0.0,320.9
2026-10-02 14:17:49,200,,2,True,False,0.0,550.2
2026-10-02 14:19:49,200,,1,True,False,0.0,294.1
2026-10-02 14:21:49,200,,2,True,False,0.0,306.1
2026-10-02 14:23:49,200,,2,True,False,0.0,401.8
2026-10-02 14:25:49,200,,2,True,False,0.0,216.7
2026-10-02 14:27:49,200,,3,True,False,0.0,213.9
2026-10-02 14:29:49,200,,2,True,False,0.0,233.1
2026-10-02 14:31:49,200,,2,True,False,0.0,278.2
2026-10-02 14:33:49,200,,2,True,False,0.0,286.1
2026-10-02 14:35:49,200,,3,True,False,0.0,183.3
2026-10-02 14:37:49,200,,1,True,False,0.0,238.0
2026-10-02 14:39:49,200,,2,True,False,0.0,518.6
2026-10-02 14:41:49,200,,1,True,False,0.0,347.3
2026-10-02 14:43:49,200,,1,True,False,0.0,332.4
2026-10-02 14:45:49,200,,1,True,False,0.0,400.6
2026-10-02 14:47:49,200,,2,True,False,0.0,474.8
2026-10-02 14:49:49,200,,1,True,False,0.0,330.7
2026-10-02 14:51:49,,TimeoutError('The read operation timed o,,,,0.0,388.9
2026-10-02 14:53:49,200,,1,True,False,0.0,406.8
2026-10-02 14:55:49,,TimeoutError('The read operation timed o,,,,0.0,217.2
2026-10-02 14:57:49,200,,1,True,False,0.0,239.2
2026-10-02 14:59:49,200,,2,True,False,0.0,278.1
2026-10-02 15:01:49,,TimeoutError('The read operation timed o,,,,0.0,373.8
2026-10-02 15:03:49,,TimeoutError('The read operation timed o,,,,0.0,386.2
2026-10-02 15:05:49,200,,2,True,False,0.0,310.9
2026-10-02 15:07:49,200,,3,True,False,0.0,274.5
2026-10-02 15:09:49,200,,3,True,False,0.0,265.8
2026-10-02 15:11:49,200,,2,True,False,0.0,238.2
2026-10-02 15:13:49,200,,2,True,False,0.0,257.6
2026-10-02 15:15:49,200,,2,True,False,0.0,290.6
2026-10-02 15:17:49,200,,2,True,False,0.0,318.6
2026-10-02 15:19:49,200,,3,True,False,0.0,295.4
2026-10-02 15:21:49,200,,1,True,False,0.0,255.3
2026-10-02 15:23:49,200,,2,True,False,0.0,241.8
2026-10-02 15:25:49,200,,2,True,False,0.0,305.4
2026-10-02 15:27:49,200,,3,True,False,0.0,173.2
2026-10-02 15:29:49,200,,2,True,False,0.0,184.7
2026-10-02 15:31:49,,TimeoutError('The read operation timed o,,,,0.0,233.4
2026-10-02 15:33:49,200,,2,True,False,0.0,224.9
2026-10-02 15:35:49,200,,1,True,False,0.0,212.7
2026-10-02 15:37:49,200,,2,True,False,0.0,235.4
2026-10-02 15:39:49,,TimeoutError('The read operation timed o,,,,0.0,331.4
2026-10-02 15:41:49,200,,1,True,False,0.0,273.0
2026-10-02 15:43:49,,TimeoutError('The read operation timed o,,,,0.0,199.8
2026-10-02 15:45:49,502,,,,False,0.0,238.1
2026-10-02 15:47:49,200,,2,True,False,0.0,367.6
2026-10-02 15:49:49,502,,,,False,0.0,303.4
2026-10-02 15:51:49,200,,2,True,False,0.0,282.7
2026-10-02 15:53:49,200,,2,True,False,0.0,218.9
2026-10-02 15:55:49,200,,1,True,False,0.0,329.6
2026-10-02 15:57:49,200,,2,True,False,0.0,288.0
2026-10-02 15:59:49,200,,2,True,False,0.0,278.9
2026-10-02 16:01:49,200,,3,True,False,0.0,212.1
2026-10-02 16:03:49,,TimeoutError('The read operation timed o,,,,0.0,208.2
2026-10-02 16:05:49,200,,2,True,False,0.0,214.7
2026-10-02 16:07:49,200,,2,True,False,0.0,241.9
2026-10-02 16:09:49,200,,3,True,False,0.0,273.2
2026-10-02 16:11:49,,TimeoutError('The read operation timed o,,,,0.0,184.2
2026-10-02 16:13:49,200,,2,True,False,0.0,213.6
2026-10-02 16:15:49,200,,2,True,False,0.0,224.4
2026-10-02 16:17:49,200,,2,True,False,0.0,187.2
2026-10-02 16:19:49,200,,1,True,False,0.0,266.7
2026-10-02 16:21:49,200,,3,True,False,0.0,287.4
2026-10-02 16:23:49,200,,2,True,False,0.0,262.1
2026-10-02 16:25:49,200,,1,True,False,0.0,260.6
2026-10-02 16:27:49,200,,2,True,False,0.0,198.8
2026-10-02 16:29:49,200,,2,True,False,0.0,221.4
2026-10-02 16:31:49,200,,2,True,False,0.0,368.5
2026-10-02 16:33:49,200,,1,True,False,0.0,212.2
2026-10-02 16:35:49,200,,1,True,False,0.0,213.8
2026-10-02 16:37:49,200,,2,True,False,0.0,209.1
2026-10-02 16:39:49,200,,3,True,False,0.0,271.6
2026-10-02 16:41:49,200,,2,True,False,0.0,256.6
2026-10-02 16:43:49,200,,2,True,False,0.0,178.2
2026-10-02 16:45:49,,TimeoutError('The read operation timed o,,,,0.0,201.1
2026-10-02 16:47:49,200,,1,True,False,0.0,207.5
2026-10-02 16:49:49,,TimeoutError('The read operation timed o,,,,0.0,190.9
2026-10-02 16:51:49,200,,2,True,False,0.0,294.4
2026-10-02 16:53:49,200,,2,True,False,0.0,222.4
2026-10-02 16:55:49,200,,2,True,False,0.0,220.2
2026-10-02 16:57:49,200,,1,True,False,0.0,171.7
2026-10-02 16:59:49,200,,2,True,False,0.0,191.9
2026-10-02 17:01:49,200,,1,True,False,0.0,207.8
2026-10-02 17:03:49,200,,1,True,False,0.0,189.7
2026-10-02 17:05:49,,TimeoutError('The read operation timed o,,,,0.0,301.0
2026-10-02 17:07:49,200,,2,True,False,0.0,189.6
2026-10-02 17:09:49,200,,1,True,False,0.0,207.8
2026-10-02 17:11:49,200,,2,True,False,0.0,196.2
2026-10-02 17:13:49,200,,1,True,False,0.0,179.2
2026-10-02 17:15:49,200,,1,True,False,0.0,205.7
2026-10-02 17:17:49,200,,2,True,False,0.0,249.6
2026-10-02 17:19:49,200,,2,True,False,0.0,259.1
2026-10-02 17:21:49,200,,1,True,False,0.0,314.8
2026-10-02 17:23:49,200,,2,True,False,0.0,212.4
2026-10-02 17:25:49,200,,1,True,False,0.0,181.9
2026-10-02 17:27:49,200,,1,True,False,0.0,189.2
2026-10-02 17:29:49,200,,1,True,False,0.0,187.7
2026-10-02 17:31:49,200,,1,True,False,0.0,214.2
2026-10-02 17:33:49,200,,1,True,False,0.0,232.6
2026-10-02 17:35:49,,TimeoutError('The read operation timed o,,,,0.0,177.7
2026-10-02 17:37:49,200,,2,True,False,0.0,204.1
2026-10-02 17:39:49,200,,2,True,False,0.0,212.3
2026-10-02 17:41:49,200,,1,True,False,0.0,206.7
2026-10-02 17:43:49,200,,1,True,False,0.0,193.7
2026-10-02 17:45:49,200,,2,True,False,0.0,185.6
2026-10-02 17:47:49,200,,2,True,False,0.0,252.0
2026-10-02 17:49:49,200,,1,True,False,0.0,192.5
2026-10-02 17:51:49,200,,2,True,False,0.0,203.5
2026-10-02 17:53:49,200,,1,True,False,0.0,232.3
2026-10-02 17:55:49,200,,1,True,False,0.0,235.4
2026-10-02 17:57:49,200,,2,True,False,0.0,297.4
2026-10-02 17:59:49,200,,2,True,False,0.0,193.4
2026-10-02 18:01:49,200,,2,True,False,0.0,205.0
2026-10-02 18:03:49,200,,2,True,False,0.0,303.6
2026-10-02 18:05:49,200,,2,True,False,0.0,263.1
2026-10-02 18:07:49,200,,1,True,False,0.0,230.6
2026-10-02 18:09:49,200,,2,True,False,0.0,238.4
2026-10-02 18:11:49,200,,1,True,False,0.0,208.1
2026-10-02 18:13:49,200,,2,True,False,0.0,173.7
2026-10-02 18:15:49,200,,1,True,False,0.0,179.2
2026-10-02 18:17:49,200,,2,True,False,0.0,221.2
2026-10-02 18:19:49,200,,1,True,False,0.0,233.8
2026-10-02 18:21:49,200,,2,True,False,0.0,167.8
2026-10-02 18:23:49,200,,1,True,False,0.0,155.6
2026-10-02 18:25:49,200,,3,True,False,0.0,166.2
2026-10-02 18:27:49,200,,2,True,False,0.0,143.8
2026-10-02 18:29:49,200,,1,True,False,0.0,174.9
2026-10-02 18:31:49,200,,2,True,False,0.0,195.2
2026-10-02 18:33:49,200,,3,True,False,0.0,199.4
2026-10-02 18:35:49,200,,2,True,False,0.0,133.6
2026-10-02 18:37:49,200,,1,True,False,0.0,220.8
2026-10-02 18:39:49,200,,1,True,False,0.0,245.4
2026-10-02 18:41:49,200,,1,True,False,0.0,224.0
2026-10-02 18:43:49,200,,2,True,False,0.0,271.4
2026-10-02 18:45:49,,TimeoutError('The read operation timed o,,,,0.0,266.5
2026-10-02 18:47:49,200,,1,True,False,0.0,152.3
2026-10-02 18:49:49,200,,1,True,False,0.0,152.0
2026-10-02 18:51:49,200,,0,True,False,0.0,190.2
2026-10-02 18:53:49,200,,2,True,False,0.0,136.8
2026-10-02 18:55:49,,TimeoutError('The read operation timed o,,,,0.0,143.9
2026-10-02 18:57:49,200,,1,True,False,0.0,166.6
2026-10-02 18:59:49,,TimeoutError('The read operation timed o,,,,0.0,137.6
2026-10-02 19:01:49,200,,1,True,False,0.0,157.1
2026-10-02 19:03:49,200,,2,True,False,0.0,137.2
2026-10-02 19:05:49,200,,2,True,False,0.0,136.7
2026-10-02 19:07:49,200,,2,True,False,0.0,155.2
2026-10-02 19:09:49,200,,1,True,False,0.0,155.7
2026-10-02 19:11:49,200,,1,True,False,0.0,148.5
2026-10-02 19:13:49,200,,1,True,False,0.0,160.9
2026-10-02 19:15:49,200,,1,True,False,0.0,130.6
2026-10-02 19:17:49,200,,1,True,False,0.0,181.9
2026-10-02 19:19:49,200,,1,True,False,0.0,717.4
2026-10-02 19:21:49,200,,1,True,False,0.0,2089.8
2026-10-02 19:23:49,200,,2,True,False,0.0,2819.8
2026-10-02 19:25:49,200,,1,True,False,0.0,2371.5
2026-10-02 19:27:49,200,,2,True,False,0.0,363.4
2026-10-02 19:29:49,200,,3,True,False,0.0,3500.8
2026-10-02 19:31:49,200,,14,True,False,0.0,2620.8
2026-10-02 19:33:49,200,,3,True,False,0.0,3540.9
2026-10-02 19:35:49,200,,3,True,False,0.0,3346.3
2026-10-02 19:37:49,200,,19,True,False,0.0,3264.8
2026-10-02 19:39:49,200,,3,True,False,0.0,3247.6
2026-10-02 19:41:49,200,,4,True,False,0.0,3074.3
2026-10-02 19:43:49,200,,3,True,False,0.0,2887.4
2026-10-02 19:45:49,200,,6,True,False,0.0,3498.2
2026-10-02 19:47:49,200,,2,True,False,0.0,3206.1
2026-10-02 19:49:49,200,,2,True,False,0.0,3221.0
2026-10-02 19:51:49,200,,3,True,False,0.0,3629.2
2026-10-02 19:53:49,200,,3,True,False,0.0,3267.0
2026-10-02 19:55:49,200,,2,True,False,0.0,135.1
2026-10-02 19:57:49,200,,2,True,False,890.9,4326.2
2026-10-02 19:59:49,200,,2,True,False,2910.8,4631.2
2026-10-02 20:01:49,200,,32,True,False,2546.7,5664.4
2026-10-02 20:03:49,200,,81,True,False,2952.5,6492.9
2026-10-02 20:05:49,200,,150,True,True,2801.9,5798.2
2026-10-02 20:07:49,200,,229,True,True,2092.3,6021.8
2026-10-02 20:09:49,503,,339.19400000572205,False,True,2513.3,6703.2
2026-10-02 20:11:49,503,,308.7939999103546,False,True,2372.1,5998.1
2026-10-02 20:13:49,503,,428.7939999103546,False,True,2511.4,6229.2
2026-10-02 20:15:49,503,,392.8069999217987,False,True,2016.3,6354.3
2026-10-02 20:17:49,503,,512.8069999217987,False,True,2811.9,6789.1
2026-10-02 20:19:49,503,,632.8069999217987,False,True,2336.9,6525.1
2026-10-02 20:21:49,503,,752.8069999217987,False,True,2610.8,7063.4
2026-10-02 20:23:49,503,,830.885999917984,False,True,2284.4,6338.9
2026-10-02 20:25:49,503,,950.885999917984,False,True,2691.2,6405.9
2026-10-02 20:27:49,503,,1070.885999917984,False,True,2495.6,7004.2
2026-10-02 20:29:49,503,,1190.885999917984,False,True,2977.9,7369.4
2026-10-02 20:31:49,503,,1310.885999917984,False,True,2127.4,6496.9
2026-10-02 20:33:49,503,,1430.885999917984,False,True,2939.9,7655.5
2026-10-02 20:35:49,503,,1550.885999917984,False,True,2060.0,6342.1
2026-10-02 20:37:49,503,,1670.885999917984,False,True,2132.8,6606.9
2026-10-02 20:39:49,503,,1790.885999917984,False,True,2564.8,7156.4
2026-10-02 20:41:49,503,,1910.885999917984,False,True,2843.2,8058.4
2026-10-02 20:43:49,503,,2030.885999917984,False,True,2377.2,7566.6
2026-10-02 20:45:49,503,,2150.885999917984,False,True,3023.2,7816.1
2026-10-02 20:47:49,503,,2270.885999917984,False,True,2483.6,8274.1
2026-10-02 20:49:49,503,,2390.885999917984,False,True,2771.9,8026.2
2026-10-02 20:51:49,503,,2510.885999917984,False,True,2839.4,8959.4
2026-10-02 20:53:49,503,,2630.885999917984,False,True,2506.7,7339.3
2026-10-02 20:55:49,503,,2750.885999917984,False,True,2881.9,8365.8
2026-10-02 20:57:49,503,,2870.885999917984,False,True,0.0,6896.7
2026-10-02 20:59:49,503,,2990.885999917984,False,True,0.0,5705.1
2026-10-02 21:01:49,503,,3110.885999917984,False,True,0.0,1061.6
2026-10-02 21:03:49,503,,3230.885999917984,False,True,3072.0,6978.0
2026-10-02 21:05:49,503,,3350.885999917984,False,True,3197.2,7021.6
2026-10-02 21:07:49,503,,3470.885999917984,False,True,3481.5,7510.6
2026-10-02 21:09:49,503,,3590.885999917984,False,True,1825.4,4239.0
2026-10-02 21:11:49,503,,3710.885999917984,False,True,2703.9,5592.5
2026-10-02 21:13:49,503,,3830.885999917984,False,True,2952.9,5476.6
2026-10-02 21:15:49,503,,3950.885999917984,False,True,2912.1,6014.3
2026-10-02 21:17:49,503,,4070.885999917984,False,True,3140.5,5564.5
2026-10-02 21:19:49,503,,4190.885999917984,False,True,3590.7,6865.2
2026-10-02 21:21:49,503,,4310.885999917984,False,False,2773.1,4705.9
2026-10-02 21:23:49,503,,4099.2880001068115,False,True,3116.8,6548.8
2026-10-02 21:25:49,503,,4219.2880001068115,False,True,2680.3,5355.0
2026-10-02 21:27:49,503,,4019.927999973297,False,True,2572.0,6756.9
2026-10-02 21:29:49,200,,8,True,False,1394.1,4223.9
2026-10-02 21:31:49,200,,12,True,False,1920.7,4548.5
2026-10-02 21:33:49,200,,60,True,False,840.4,4057.2
2026-10-02 21:35:49,200,,41,True,False,438.7,4334.9
2026-10-02 21:37:49,200,,1,True,False,0.0,682.3
2026-10-02 21:39:49,200,,2,True,False,0.0,324.0
2026-10-02 21:41:49,200,,2,True,False,0.0,333.5
2026-10-02 21:43:49,200,,2,True,False,0.0,143.8
2026-10-02 21:45:49,200,,3,True,False,0.0,1146.8
2026-10-02 21:47:49,200,,2,True,False,0.0,2542.1
2026-10-02 21:49:49,200,,1,True,False,0.0,110.9
2026-10-02 21:51:49,200,,2,True,False,0.0,142.2
2026-10-02 21:53:49,200,,2,True,False,0.0,177.5
2026-10-02 21:55:49,200,,2,True,False,0.0,132.8
2026-10-02 21:57:49,200,,1,True,False,0.0,143.4
2026-10-02 21:59:49,200,,2,True,False,0.0,325.9
2026-10-02 22:01:49,200,,3,True,False,0.0,281.0
2026-10-02 22:03:49,200,,3,True,False,0.0,3517.3
2026-10-02 22:05:49,200,,6,True,False,0.0,3751.6
2026-10-02 22:07:49,200,,1,True,False,0.0,3983.2
2026-10-02 22:09:49,200,,2,True,False,0.0,3366.8
2026-10-02 22:11:49,200,,8,True,False,0.0,3127.1
2026-10-02 22:13:49,200,,3,True,False,0.0,3489.8
2026-10-02 22:15:49,200,,2,True,False,0.0,2278.2
2026-10-02 22:17:49,200,,2,True,False,0.0,2182.9
2026-10-02 22:19:49,200,,3,True,False,0.0,2185.4
2026-10-02 22:21:49,,TimeoutError('The read operation timed o,,,,0.0,2338.5
2026-10-02 22:23:49,200,,2,True,False,0.0,3433.9
2026-10-02 22:27:06,200,,3,True,False,0.0,12.2
2026-10-02 22:27:49,200,,5,True,False,0.0,12.2
2026-10-02 22:29:49,200,,6,True,False,0.0,3180.7
2026-10-02 22:31:49,200,,3,True,False,0.0,2572.4
2026-10-02 22:33:49,200,,3,True,False,0.0,3380.9
2026-10-02 22:35:49,200,,2,True,False,0.0,926.5
2026-10-02 22:37:49,200,,2,True,False,0.0,2897.3
2026-10-02 22:39:49,200,,2,True,False,0.0,1834.7
2026-10-02 22:41:49,200,,2,True,False,0.0,1110.7
2026-10-02 22:43:49,200,,1,True,False,0.0,151.2
2026-10-02 22:45:49,200,,2,True,False,0.0,2604.4
2026-10-02 22:47:49,200,,2,True,False,0.0,1246.8
2026-10-02 22:49:49,200,,2,True,False,0.0,2474.0
2026-10-02 22:51:49,200,,4,True,False,0.0,2412.6
2026-10-02 22:53:49,200,,1,True,False,0.0,2040.1
2026-10-02 22:55:49,200,,3,True,False,0.0,2149.3
2026-10-02 22:57:49,200,,3,True,False,0.0,2260.5
2026-10-02 22:59:49,200,,1,True,False,0.0,2021.0
2026-10-02 23:01:49,200,,6,True,False,0.0,2100.4
2026-10-02 23:03:49,200,,2,True,False,0.0,2711.6
2026-10-02 23:05:49,200,,2,True,False,0.0,2604.4
2026-10-02 23:07:49,200,,2,True,False,0.0,2480.2
2026-10-02 23:09:49,200,,2,True,False,0.0,2570.2
2026-10-02 23:11:49,200,,2,True,False,0.0,2331.7
2026-10-02 23:13:49,200,,4,True,False,0.0,2604.9
2026-10-02 23:15:49,200,,3,True,False,0.0,2524.4
2026-10-02 23:17:49,200,,3,True,False,0.0,2124.4
2026-10-02 23:19:49,,TimeoutError('The read operation timed o,,,,0.0,2277.1
2026-10-02 23:21:49,200,,2,True,False,0.0,2168.2
2026-10-02 23:23:49,200,,1,True,False,0.0,2323.0
2026-10-02 23:25:49,200,,2,True,False,0.0,2223.6
2026-10-02 23:27:49,200,,4,True,False,0.0,2394.8
2026-10-02 23:29:49,200,,2,True,False,0.0,1951.6
2026-10-02 23:31:49,,TimeoutError('The read operation timed o,,,,0.0,2062.5
2026-10-02 23:33:49,200,,3,True,False,0.0,2209.3
2026-10-02 23:35:49,200,,2,True,False,0.0,1812.0
2026-10-02 23:37:49,,TimeoutError('The read operation timed o,,,,0.0,1720.2
2026-10-02 23:39:49,200,,2,True,False,0.0,1644.0
2026-10-02 23:41:49,200,,2,True,False,0.0,2027.2
2026-10-02 23:43:49,200,,2,True,False,0.0,1796.3
2026-10-02 23:45:49,200,,3,True,False,0.0,1980.6
2026-10-02 23:47:49,200,,5,True,False,0.0,1709.3
2026-10-02 23:49:49,200,,1,True,False,0.0,1612.6
2026-10-02 23:51:49,200,,7,True,False,0.0,1800.9
2026-10-02 23:53:49,200,,3,True,False,0.0,1716.7
2026-10-02 23:55:49,200,,6,True,False,0.0,1863.1
2026-10-02 23:57:49,200,,2,True,False,0.0,1751.2
2026-10-02 23:59:49,200,,3,True,False,0.0,1691.3
