file,tag,segment_start_cest,segment_end_cest,feerate_sompi_per_gram_first,feerate_last,submitted,accepted_seen_on_n0_virtual_chain,last_rep_cest,lat_p50_s_cumulative,lat_p95_s_cumulative
runner1.out,SMX1,2026-10-01 20:14:47,2026-10-01 20:16:52,300,300,12019,12019,2026-10-01 20:16:47,1.28,2.46
runner1.out,SMX1,2026-10-01 20:37:51,2026-10-01 22:17:15,300,2401,3113553,3112905,2026-10-01 22:17:13,3.65,35.26
runner2.out,SMX2,2026-10-01 20:37:51,2026-10-01 22:10:05,300,684,2892101,2875744,2026-10-01 22:10:04,3.47,13.78
runner3.out,SMX3,2026-10-01 21:04:06,2026-10-01 21:42:26,579,583,752233,712797,2026-10-01 21:42:17,84.17,238.92
runner4.out,SMX4,2026-10-01 21:24:53,2026-10-01 21:33:58,589,590,60192,58712,2026-10-01 21:33:53,3.59,19.12
p2w1.out,P2W1,2026-10-01 21:42:36,2026-10-01 22:17:44,589,1537,1140247,1140247,2026-10-01 22:17:44,5.07,43.85
p2w1.out,P2W1,2026-10-01 22:17:45,2026-10-01 23:13:40,1935,858,2102035,2096844,2026-10-01 23:13:40,2.98,12.74
p2w1.out,P2W1,2026-10-01 23:31:05,2026-10-02 00:10:47,300,3000,1166788,1166788,2026-10-02 00:10:47,3.85,8.35
p2w1.out,P2W1,2026-10-02 01:09:56,2026-10-02 07:53:00,6000,200,1420882,1420882,2026-10-02 07:53:00,1.71,101.24
p2w1.out,P2W1,2026-10-02 09:09:42,2026-10-02 09:24:06,200,200,349889,349889,2026-10-02 09:24:06,4.61,20.48
p2w1.out,P2W1,2026-10-02 09:24:08,2026-10-02 09:37:50,200,200,304475,304475,2026-10-02 09:37:50,4.84,7.97
p2w1.out,P2W1,2026-10-02 09:37:51,2026-10-02 09:43:01,200,379,262056,261750,2026-10-02 09:43:01,3.8,5.96
p2w1.out,P2W1,2026-10-02 09:43:03,2026-10-02 10:14:43,386,400,417303,405517,2026-10-02 10:14:43,6.81,44.64
p2w1.out,P2W1,2026-10-02 11:52:07,2026-10-02 16:50:53,200,200,1368004,1363831,2026-10-02 16:50:53,10.38,20.74
p2w1.out,P2W1,2026-10-02 21:57:12,2026-10-03 01:06:37,200,200,2590384,2589834,2026-10-03 01:06:37,5.95,12.41
p2w2.out,P2W2,2026-10-01 22:10:06,2026-10-01 22:17:35,684,1537,238885,224660,2026-10-01 22:17:35,20.98,151.21
p2w2.out,P2W2,2026-10-01 22:17:36,2026-10-01 23:13:40,1537,858,2106636,2100268,2026-10-01 23:13:40,2.75,18.96
p2w2.out,P2W2,2026-10-01 23:31:07,2026-10-02 00:10:47,300,3000,1165161,1165161,2026-10-02 00:10:47,3.39,8.51
p2w2.out,P2W2,2026-10-02 01:10:19,2026-10-02 07:52:59,5900,200,1414092,1414092,2026-10-02 07:52:59,5.12,953.07
p2w2.out,P2W2,2026-10-02 09:10:06,2026-10-02 09:24:24,200,200,339301,339301,2026-10-02 09:24:24,4.07,24.8
p2w2.out,P2W2,2026-10-02 09:24:25,2026-10-02 09:41:51,200,200,370684,370684,2026-10-02 09:41:51,4.29,7.44
p2w2.out,P2W2,2026-10-02 09:41:52,2026-10-02 10:14:42,200,400,467556,465410,2026-10-02 10:14:42,6.5,48.78
p2w2.out,P2W2,2026-10-02 11:52:30,2026-10-02 16:50:54,385,200,1345052,1321938,2026-10-02 16:50:54,8.13,17.19
p2w2.out,P2W2,2026-10-02 21:57:36,2026-10-03 01:06:36,234,200,2538682,2538271,2026-10-03 01:06:36,6.78,13.3
p2w3.out,P2W3,2026-10-01 22:17:16,2026-10-01 23:13:40,1537,858,2122673,2115442,2026-10-01 23:13:40,2.73,13.44
p2w3.out,P2W3,2026-10-01 23:31:09,2026-10-02 00:10:47,300,3000,1160057,1160057,2026-10-02 00:10:47,3.4,8.13
p2w3.out,P2W3,2026-10-02 01:10:42,2026-10-02 07:53:00,5888,200,1398985,1398985,2026-10-02 07:53:00,5.06,898.89
p2w3.out,P2W3,2026-10-02 09:10:29,2026-10-02 09:24:41,386,337,330631,330631,2026-10-02 09:24:41,4.11,24.57
p2w3.out,P2W3,2026-10-02 09:24:42,2026-10-02 09:42:05,337,200,364931,364931,2026-10-02 09:42:05,4.3,7.52
p2w3.out,P2W3,2026-10-02 09:42:06,2026-10-02 10:14:36,333,400,452314,450765,2026-10-02 10:14:36,8.34,42.33
p2w3.out,P2W3,2026-10-02 11:52:53,2026-10-02 16:50:53,392,200,1336861,1325582,2026-10-02 16:50:53,8.06,16.61
p2w3.out,P2W3,2026-10-02 21:57:59,2026-10-03 01:06:36,234,200,2546837,2546530,2026-10-03 01:06:36,6.75,13.28
p2w4.out,P2W4,2026-10-01 22:59:03,2026-10-01 23:13:39,583,858,434703,426579,2026-10-01 23:13:39,3.79,21.11
p2w4.out,P2W4,2026-10-01 23:37:20,2026-10-02 00:10:46,586,3000,920882,920882,2026-10-02 00:10:46,3.57,6.88
p2w4.out,P2W4,2026-10-02 01:11:05,2026-10-02 07:53:00,5888,200,1378692,1378692,2026-10-02 07:53:00,5.12,929.88
p2w4.out,P2W4,2026-10-02 09:10:52,2026-10-02 09:24:58,386,337,325073,325073,2026-10-02 09:24:58,4.11,24.17
p2w4.out,P2W4,2026-10-02 09:24:59,2026-10-02 09:42:19,200,333,359937,359929,2026-10-02 09:42:19,4.35,7.51
p2w4.out,P2W4,2026-10-02 09:42:20,2026-10-02 10:14:41,333,400,444025,442454,2026-10-02 10:14:41,6.37,50.04
p2w4.out,P2W4,2026-10-02 11:53:17,2026-10-02 16:50:54,392,200,1309269,1301257,2026-10-02 16:50:54,8.13,16.41
p2w4.out,P2W4,2026-10-02 21:58:22,2026-10-03 00:30:02,344,200,2496878,2496482,2026-10-03 00:30:02,6.99,13.58
p2w5.out,P2W5,2026-10-01 23:46:17,2026-10-02 00:10:47,1087,3000,633099,633099,2026-10-02 00:10:47,3.79,7.0
p2w5.out,P2W5,2026-10-02 01:11:28,2026-10-02 07:53:00,6000,200,1367227,1367227,2026-10-02 07:53:00,5.19,893.26
p2w5.out,P2W5,2026-10-02 09:11:15,2026-10-02 09:25:15,389,200,320570,320570,2026-10-02 09:25:15,4.15,25.27
p2w5.out,P2W5,2026-10-02 09:25:16,2026-10-02 09:42:33,200,333,354943,354903,2026-10-02 09:42:33,4.39,7.66
p2w5.out,P2W5,2026-10-02 09:42:34,2026-10-02 10:14:45,379,400,432183,421418,2026-10-02 10:14:45,5.9,47.75
p2w5.out,P2W5,2026-10-02 11:53:40,2026-10-02 16:50:54,393,200,1294265,1290616,2026-10-02 16:50:54,8.87,16.88
p2w5.out,P2W5,2026-10-02 21:58:45,2026-10-02 23:45:05,377,200,2476907,2476465,2026-10-02 23:45:05,6.84,13.49
p2w6.out,P2W6,2026-10-01 23:54:37,2026-10-02 00:10:46,583,3000,370440,370440,2026-10-02 00:10:46,4.13,10.86
p2w6.out,P2W6,2026-10-02 01:11:51,2026-10-02 07:53:00,6000,200,1355962,1355962,2026-10-02 07:53:00,5.13,927.9
p2w6.out,P2W6,2026-10-02 09:11:38,2026-10-02 09:25:32,390,200,317245,317245,2026-10-02 09:25:32,4.05,23.73
p2w6.out,P2W6,2026-10-02 09:25:34,2026-10-02 09:42:47,331,379,221919,221660,2026-10-02 09:42:47,4.3,7.3
p2w6.out,P2W6,2026-10-02 09:42:48,2026-10-02 10:14:39,379,400,421921,408479,2026-10-02 10:14:39,6.25,47.87
p2w6.out,P2W6,2026-10-02 11:54:03,2026-10-02 13:07:19,392,377,1278168,1260052,2026-10-02 13:07:19,8.82,17.71
p2w6.out,P2W6,2026-10-02 21:59:08,2026-10-02 22:06:39,386,387,188205,187949,2026-10-02 22:06:39,4.81,10.71
p2w6.out,P2W6,2026-10-02 22:41:41,2026-10-02 23:30:59,389,392,1183776,1183017,2026-10-02 23:30:59,7.08,13.51
p2w7.out,P2W7,2026-10-02 01:19:17,2026-10-02 06:45:59,6000,389,1124266,1117061,2026-10-02 06:45:59,5.0,915.53
p2w7.out,P2W7,2026-10-02 12:02:09,2026-10-02 12:13:59,383,354,179351,178824,2026-10-02 12:13:59,12.0,19.28
p2w8.out,P2W8,2026-10-02 01:26:23,2026-10-02 01:33:33,6000,600,50408,45724,2026-10-02 01:33:33,6.43,67.71
p2w8.out,P2W8,2026-10-02 02:08:32,2026-10-02 02:15:42,400,393,10348,7011,2026-10-02 02:15:42,14.22,48.26
p2w8.out,P2W8,2026-10-02 02:50:41,2026-10-02 02:57:51,391,391,15924,15067,2026-10-02 02:57:51,1.3,125.61
p2w8.out,P2W8,2026-10-02 03:32:50,2026-10-02 03:40:00,388,388,16849,16228,2026-10-02 03:40:00,1.22,116.91
p2w8.out,P2W8,2026-10-02 04:14:59,2026-10-02 04:22:10,386,387,17084,16648,2026-10-02 04:22:10,1.22,47.94
p2w8.out,P2W8,2026-10-02 04:57:09,2026-10-02 05:04:19,386,386,17210,17031,2026-10-02 05:04:19,1.23,29.06
p2w8.out,P2W8,2026-10-02 05:39:18,2026-10-02 05:46:29,386,385,17011,16763,2026-10-02 05:46:29,1.23,52.83
p2w8.out,P2W8,2026-10-02 06:21:28,2026-10-02 06:28:38,391,391,16657,16174,2026-10-02 06:28:38,1.28,107.51
p2w8.out,P2W8,2026-10-02 12:09:06,2026-10-02 12:20:51,388,390,146942,146006,2026-10-02 12:20:51,10.46,27.98
