minute_cest,network_processed_tx_s_block_bodies_mean,samples
2026-09-25 21:45,6094.0,6
2026-09-25 21:46,6407.4,6
2026-09-25 21:47,5974.6,6
2026-09-25 21:48,6297.1,6
2026-09-25 21:49,5986.1,6
2026-09-25 21:50,6437.0,6
2026-09-25 21:51,5875.9,6
2026-09-25 21:52,6296.2,6
2026-09-25 21:53,6628.9,6
2026-09-25 21:54,6064.8,6
2026-09-25 21:55,6890.8,6
2026-09-25 21:56,5062.4,6
2026-09-25 21:57,3786.9,6
2026-09-25 21:58,3923.5,6
2026-09-25 21:59,4316.4,6
2026-09-25 22:00,4717.1,6
2026-09-25 22:01,5249.0,6
2026-09-25 22:02,5605.8,6
2026-09-25 22:03,5148.6,6
2026-09-25 22:04,5873.4,6
2026-09-25 22:05,6345.2,6
2026-09-25 22:06,6336.0,6
2026-09-25 22:07,6681.7,6
2026-09-25 22:08,7688.1,6
2026-09-25 22:09,8126.7,6
2026-09-25 22:10,8072.6,6
2026-09-25 22:11,7716.1,6
2026-09-25 22:12,7199.8,6
2026-09-25 22:13,7581.9,6
2026-09-25 22:14,7399.5,6
2026-09-25 22:15,7220.2,6
2026-09-25 22:16,7058.7,6
2026-09-25 22:17,6669.3,6
2026-09-25 22:18,6704.8,6
2026-09-25 22:19,6767.2,6
2026-09-25 22:20,6896.8,6
2026-09-25 22:21,6539.8,6
2026-09-25 22:22,4952.7,6
2026-09-25 22:23,6554.7,6
2026-09-25 22:24,5599.4,6
2026-09-25 22:25,4769.2,6
2026-09-25 22:26,5361.2,6
2026-09-25 22:27,5956.7,6
2026-09-25 22:28,6078.7,6
2026-09-25 22:29,5713.1,6
2026-09-25 22:30,5970.1,6
2026-09-25 22:31,5911.1,6
2026-09-25 22:32,7157.5,6
2026-09-25 22:33,7808.7,6
2026-09-25 22:34,7079.8,6
2026-09-25 22:35,7289.3,6
2026-09-25 22:36,7481.2,6
2026-09-25 22:37,7325.0,6
2026-09-25 22:38,7535.3,6
2026-09-25 22:39,7167.6,6
2026-09-25 22:40,7317.6,6
2026-09-25 22:41,5157.9,6
2026-09-25 22:42,7091.7,6
2026-09-25 22:43,7660.1,6
2026-09-25 22:44,8134.0,6
2026-09-25 22:45,8233.5,6
2026-09-25 22:46,8383.6,1
2026-09-25 22:47,5457.1,6
2026-09-25 22:48,8677.1,6
2026-09-25 22:49,7716.9,6
2026-09-25 22:50,8633.0,6
2026-09-25 22:51,7612.1,6
2026-09-25 22:52,8333.6,6
2026-09-25 22:53,8253.3,6
2026-09-25 22:54,8048.6,6
2026-09-25 22:55,8203.6,6
2026-09-25 22:56,8535.8,6
2026-09-25 22:57,7731.9,6
2026-09-25 22:58,8994.5,6
2026-09-25 22:59,7699.4,6
2026-09-25 23:00,8184.0,6
2026-09-25 23:01,8361.4,6
2026-09-25 23:02,7813.4,6
2026-09-25 23:03,7689.2,6
2026-09-25 23:04,7118.2,6
2026-09-25 23:05,7735.6,6
2026-09-25 23:06,8242.0,6
2026-09-25 23:07,7564.7,6
2026-09-25 23:08,7817.1,6
2026-09-25 23:09,7724.9,6
2026-09-25 23:10,7136.0,6
2026-09-25 23:11,8102.6,6
2026-09-25 23:12,7082.2,6
2026-09-25 23:13,6844.1,6
2026-09-25 23:14,6430.7,6
2026-09-25 23:15,6888.2,6
2026-09-25 23:16,7186.1,6
2026-09-25 23:17,7641.7,6
2026-09-25 23:18,7464.8,6
2026-09-25 23:19,7035.2,6
2026-09-25 23:20,6781.9,6
2026-09-25 23:21,7082.5,6
2026-09-25 23:22,7429.6,6
2026-09-25 23:23,6796.4,6
2026-09-25 23:24,7004.9,6
2026-09-25 23:25,7815.1,6
2026-09-25 23:26,7313.7,6
2026-09-25 23:27,7313.7,6
2026-09-25 23:28,8134.0,6
2026-09-25 23:29,7177.8,6
2026-09-25 23:30,7227.8,6
2026-09-25 23:31,7218.0,6
2026-09-25 23:32,7407.7,6
2026-09-25 23:33,6717.9,6
2026-09-25 23:34,7230.4,6
2026-09-25 23:35,7609.9,6
2026-09-25 23:36,7721.9,6
2026-09-25 23:37,7561.6,6
2026-09-25 23:38,7595.8,6
2026-09-25 23:39,7130.1,6
2026-09-25 23:40,7549.2,6
2026-09-25 23:41,6809.7,6
2026-09-25 23:42,7502.7,6
2026-09-25 23:43,7849.8,6
2026-09-25 23:44,7950.5,6
2026-09-25 23:45,8072.0,6
2026-09-25 23:46,7704.7,6
2026-09-25 23:47,7508.2,6
2026-09-25 23:48,7341.6,6
2026-09-25 23:49,5918.8,6
2026-09-25 23:50,505.8,3
