phase,window_cest,storm_feerate,tier_x_min,probe_feerate,tier_vs_storm_fee,sent,accepted,p50_s,p90_s,max_s,over_30s,over_60s
P1-overload,21:48:41-22:46:14,120,1,100,0.83,117,117,7.04,29.81,105.41,11,5
P1-overload,21:48:41-22:46:14,120,1.2,120,1.0,117,117,7.1,21.75,92.091,6,2
P1-overload,21:48:41-22:46:14,120,2,200,1.67,117,117,3.07,9.53,48.28,2,0
P1-overload,21:48:41-22:46:14,120,5,500,4.17,117,117,1.35,2.29,39.215,1,0
P1-overload,21:48:41-22:46:14,120,10,1000,8.33,117,117,1.2,1.72,3.654,0,0
P1-overload,21:48:41-22:46:14,120,100,10000,83.33,117,117,1.2,1.68,3.653,0,0
P4-max,22:47:26-23:50:41,200,1,100,0.5,126,126,11.44,47.24,207.833,28,8
P4-max,22:47:26-23:50:41,200,1.2,120,0.6,126,126,9.49,35.1,92.755,16,6
P4-max,22:47:26-23:50:41,200,2,200,1.0,126,126,4.56,10.65,28.571,0,0
P4-max,22:47:26-23:50:41,200,5,500,2.5,126,126,1.77,2.82,4.485,0,0
P4-max,22:47:26-23:50:41,200,10,1000,5.0,126,126,1.18,1.77,2.522,0,0
P4-max,22:47:26-23:50:41,200,100,10000,50.0,126,126,1.17,1.72,2.13,0,0
